{
  "image_dice_binary": 0.9356804512690838,
  "image_iou_binary": 0.8791348917576302,
  "n_pred_instances": 88,
  "n_gt_instances": 9
}