{
  "image_dice_binary": 0.954175796012807,
  "image_iou_binary": 0.912367291151823,
  "n_pred_instances": 92,
  "n_gt_instances": 9
}