{
  "image_dice_binary": 0.8847297458331599,
  "image_iou_binary": 0.7932873153638398,
  "n_pred_instances": 78,
  "n_gt_instances": 9
}